{
  "timestamp": "2026-02-11T01:51:29.363358",
  "config_summary": {
    "epochs": 50,
    "batch_size": 32,
    "learning_rate": 0.001,
    "device": "mps",
    "mixed_precision": true,
    "ema": true
  },
  "final_metrics": {
    "train_loss": 0.4816504274583926,
    "val_loss": 0.9683707654476166,
    "val_accuracy": 0.47988281212747097,
    "total_epochs": 50,
    "total_steps": 7850
  },
  "performance": {
    "total_time_seconds": 221.513906,
    "avg_epoch_time": 4.43027812
  }
}